District,Year,Mean_Scale_Score_e,Mean_Scale_Score_m,Total Enrollment,% Asian,% Black,% Hispanic,% Multi-Racial,% Native American,%_White,% Missing Race/Ethnicity Data,% SWD,% ELL,% Poverty,ENI,p_tested_e,p_tested_m,% POC
1,2018,605.5158691,600.4207153,11632,0.2163858264684677,0.15474553406238556,0.42013412714004517,0.026306740939617157,0.006103851366788149,0.1738308072090149,0.002493122359737754,0.21733149886131287,0.08734525740146637,0.6604195237159729,0.6701629757881165,0.359611416781293,0.3682083906464924,0.8261691927909851
1,2019,605.1784058,604.1079102,11376,0.21475034952163696,0.15453585982322693,0.412710964679718,0.029623769223690033,0.005274261813610792,0.17976441979408264,0.0033403655979782343,0.22828762233257294,0.08491560816764832,0.6429324746131897,0.6612324118614197,0.3606715893108298,0.34221167369901545,0.8202355802059174
1,2022,605.0883179,601.2261353,10327,0.20431877672672272,0.1520286649465561,0.4153190553188324,0.040379587560892105,0.005132177844643593,0.18001355230808258,0.002808172721415758,0.22804298996925354,0.07882250100374222,0.6258351802825928,0.6532162427902222,0.3179045221264646,0.2894354604434976,0.8199864476919174
2,2018,613.8356934,613.2853394,63497,0.22383734583854675,0.14789675176143646,0.3247869908809662,0.02987542748451233,0.005291588604450226,0.2576499581336975,0.010661921463906765,0.17137818038463593,0.08491739630699158,0.5507504343986511,0.543491005897522,0.24207442871316756,0.2322314440052286,0.7423500418663025
2,2019,613.3514404,613.7041016,62973,0.2219681441783905,0.14077462255954742,0.3232337534427643,0.033776380121707916,0.005605577025562525,0.26454195380210876,0.010099566541612148,0.17594842612743378,0.08017721772193909,0.5318628549575806,0.5293187499046326,0.2423895955409461,0.2288282279707176,0.7354580461978912
2,2022,613.6450195,609.8695068,57900,0.22079446911811829,0.1383419632911682,0.33143350481987,0.03815198689699173,0.006390328053385019,0.2529706358909607,0.011917098425328732,0.17899827659130096,0.08231433480978012,0.5244213938713074,0.5301958322525024,0.21880829015544043,0.19466321243523316,0.7470293641090393
3,2018,609.7580566,605.9547119,22667,0.08271937072277069,0.21498213708400726,0.32346582412719727,0.03758768364787102,0.005249922629445791,0.324215829372406,0.0117792384698987,0.17761503159999847,0.05029337853193283,0.4982132613658905,0.5014634132385254,0.34499492654519787,0.3186570785723739,0.675784170627594
3,2019,609.1110229,607.4063721,22577,0.08575098216533661,0.20870797336101532,0.31766843795776367,0.04012933373451233,0.005226558074355125,0.32953891158103943,0.012977809645235538,0.18359392881393433,0.04739336669445038,0.48943614959716797,0.4889771342277527,0.34787615715108294,0.3124861584798689,0.6704610884189606
3,2022,609.4199829,603.8922729,19766,0.0984518900513649,0.19290700554847717,0.32439541816711426,0.04315491393208504,0.005261560436338186,0.3121016025543213,0.02372761256992817,0.18946675956249237,0.041940707713365555,0.48209047317504883,0.4917926788330078,0.31969037741576445,0.27425882829100473,0.6878983974456787
4,2018,598.3682251,595.0222168,13230,0.08148147910833359,0.24157218635082245,0.603552520275116,0.011262282729148865,0.01050642505288124,0.046485260128974915,0.005139833781868219,0.24164776504039764,0.1041572168469429,0.8311413526535034,0.8323310613632202,0.4068783068783069,0.38412698412698415,0.9535147398710251
4,2019,598.3569336,596.4491577,13038,0.08559595048427582,0.23661604523658752,0.600935697555542,0.013499002903699875,0.01119803637266159,0.04686301574110985,0.005292222835123539,0.24651020765304565,0.10016873478889465,0.8138518333435059,0.8248842358589172,0.4022856266298512,0.37244976223347137,0.9531369842588902
4,2022,600.0026245,593.2392578,11567,0.09207227826118469,0.23852337896823883,0.5805308222770691,0.018068643286824226,0.009423359297215939,0.055070459842681885,0.006311057135462761,0.24042534828186035,0.10158208757638931,0.8020229935646057,0.8143988251686096,0.35938445577937234,0.3186651681507737,0.9449295401573181
5,2018,593.239563,588.9747925,11632,0.03937413915991783,0.49071526527404785,0.39288169145584106,0.008768913336098194,0.00894085317850113,0.04943259805440903,0.009886519983410835,0.23701857030391693,0.0912138894200325,0.8355398774147034,0.8398038744926453,0.41480398899587345,0.4093019257221458,0.950567401945591
5,2019,592.3032837,589.9613647,11236,0.03444286063313484,0.48789605498313904,0.39133143424987793,0.00898896437138319,0.009166963398456573,0.05784976854920387,0.010323958471417427,0.2468850165605545,0.0824136734008789,0.8187077045440674,0.8319318890571594,0.40699537201851194,0.39409042363830543,0.9421502314507961
5,2022,592.8044434,584.6090088,9341,0.03746922314167023,0.46515363454818726,0.39364093542099,0.012311316095292568,0.013274810276925564,0.06830103695392609,0.009849052876234055,0.25050851702690125,0.07815009355545044,0.7980944514274597,0.8209968209266663,0.37008885558291404,0.34171930200192696,0.9316989630460739
6,2018,595.6130981,594.7173462,22701,0.014052244834601879,0.07083388417959213,0.8508875966072083,0.006431434769183397,0.0030395137146115303,0.052861105650663376,0.0018941896269097924,0.19999119639396667,0.2782696783542633,0.8631337881088257,0.8432052135467529,0.40967358266155673,0.41108321219329547,0.9471388943493366
6,2019,595.8823853,596.8082275,21924,0.015188833698630333,0.07083561271429062,0.8459678888320923,0.007297938223928213,0.002782338997349143,0.056102901697158813,0.0018244845559820533,0.20885787904262543,0.26851850748062134,0.85317462682724,0.8361015319824219,0.4090950556467798,0.41580003648969166,0.9438970983028412
6,2022,596.0811157,590.9865112,19424,0.014569604769349098,0.07634884864091873,0.8215094804763794,0.013745881617069244,0.002831548685207963,0.06337520480155945,0.0076194400899112225,0.20654860138893127,0.25190484523773193,0.8079180121421814,0.8042107820510864,0.30647652388797364,0.29355436573311366,0.9366247951984406
7,2018,592.1455688,589.3471069,19875,0.010716981254518032,0.26847797632217407,0.6951949596405029,0.0035220126155763865,0.005584905855357647,0.014842767268419266,0.001660377369262278,0.23999999463558197,0.16578616201877594,0.9284528493881226,0.9248355627059937,0.35426415094339625,0.3580377358490566,0.9851572327315807
7,2019,592.0023193,590.3088989,19359,0.011467534117400646,0.2639082670211792,0.6953871846199036,0.003564233658835292,0.008419856429100037,0.01559997908771038,0.0016529778949916363,0.2424195408821106,0.15822097659111023,0.9163696765899658,0.9217584133148193,0.3598326359832636,0.36587633658763363,0.9844000209122896
7,2022,592.3743286,584.7012329,16032,0.010541416704654694,0.2672155797481537,0.6884356141090393,0.004303892143070698,0.010603792034089565,0.016155188903212547,0.002744511002674699,0.24463573098182678,0.1515718549489975,0.9152944087982178,0.9171375632286072,0.344935129740519,0.34487275449101795,0.9838448110967875
8,2018,595.0026855,593.4309692,28728,0.0592801459133625,0.21954190731048584,0.6441102623939514,0.0035853523295372725,0.010094680823385715,0.06147312745451927,0.001914508524350822,0.24101921916007996,0.13599972426891327,0.8419660329818726,0.8307521939277649,0.4377958785853523,0.4429476468950153,0.9385268725454807
8,2019,594.2988281,595.473938,28039,0.06273405253887177,0.2139163315296173,0.6470273733139038,0.0038517778739333153,0.011056029237806797,0.059310246258974075,0.002104212064296007,0.24166339635849,0.13534720242023468,0.8321623206138611,0.8307576775550842,0.4455223082135597,0.4526552302150576,0.9406897537410259
8,2022,594.1294556,587.8467407,24338,0.07284904271364212,0.19619524478912354,0.6540389657020569,0.0061632017605006695,0.011340291239321232,0.05682471767067909,0.002588544739410281,0.2203139066696167,0.14536938071250916,0.8199112415313721,0.8217833042144775,0.42686334127701536,0.4185224751417536,0.9431752823293209
9,2018,592.5314941,591.0246582,35271,0.014884749427437782,0.2780754864215851,0.685747504234314,0.0016444104257971048,0.004933231044560671,0.01312693115323782,0.0015877066180109978,0.22619149088859558,0.23055768013000488,0.9280995726585388,0.9318645596504211,0.4336707209889144,0.43684613421791274,0.9868730688467622
9,2019,591.652771,592.0231323,34180,0.013955529779195786,0.2756290137767792,0.6871269941329956,0.0019894675351679325,0.00593914557248354,0.013867759145796299,0.0014921006513759494,0.2310122847557068,0.2237565815448761,0.9245172739028931,0.9308720827102661,0.4430661205383265,0.4467817437097718,0.9861322408542037
9,2022,592.4661865,586.2462158,28491,0.012389877811074257,0.26639991998672485,0.6941139101982117,0.0033343862742185593,0.006352883297950029,0.01372363232076168,0.003685374278575182,0.2216840386390686,0.21852514147758484,0.9062861800193787,0.9193684458732605,0.3925801130181461,0.38773647818609386,0.9862763676792383
10,2018,594.1616211,591.6820679,56752,0.07652593404054642,0.15456724166870117,0.6928742527961731,0.005021849647164345,0.00840498972684145,0.06098463386297226,0.001621088245883584,0.19837185740470886,0.20885607600212097,0.8439350128173828,0.8389663100242615,0.40943050465181846,0.4074570059204962,0.9390153661370277
10,2019,593.5687256,592.8793945,54925,0.07768775522708893,0.1504233032464981,0.6960582733154297,0.005753300152719021,0.008611743338406086,0.059517525136470795,0.0019481111085042357,0.20298588275909424,0.20624488592147827,0.8315885066986084,0.8328092694282532,0.4136913973600364,0.41263541192535275,0.9404824748635292
10,2022,594.1543579,587.3355103,48016,0.07853632420301437,0.14718011021614075,0.690665602684021,0.009267743676900864,0.008288904093205929,0.06212512403726578,0.003936187829822302,0.19637204706668854,0.20103715360164642,0.8067102432250977,0.8162861466407776,0.3862254248583805,0.37231339553482173,0.9378748759627342
11,2018,596.3392944,593.5779419,40504,0.08120185881853104,0.38845545053482056,0.42136579751968384,0.005752518307417631,0.012838237918913364,0.08843570947647095,0.0019504246301949024,0.20044933259487152,0.11529725790023804,0.795526385307312,0.7725819945335388,0.45857199288959116,0.4551402330634011,0.911564290523529
11,2019,595.2459106,593.9957886,39666,0.0859174132347107,0.380754292011261,0.42429283261299133,0.006176574621349573,0.013059043325483799,0.08765693753957748,0.002142893150448799,0.20417989790439606,0.11763223260641098,0.7835173606872559,0.772922933101654,0.4628145010840518,0.4603438713255685,0.9123430624604225
11,2022,595.7181396,589.8555298,34491,0.09327071160078049,0.3545272648334503,0.43570786714553833,0.008755907416343689,0.012177089229226112,0.09158910810947418,0.003972050733864307,0.19529733061790466,0.12206082791090012,0.7820590734481812,0.7698944807052612,0.42318285929662813,0.3964802412223479,0.9084108918905258
12,2018,589.675415,586.9047852,23401,0.02743472531437874,0.24614332616329193,0.6971496939659119,0.0025212597101926804,0.011238835752010345,0.014572027139365673,9.401307906955481e-4,0.22588777542114258,0.1995641142129898,0.9268407225608826,0.9286686182022095,0.44113499423101576,0.44216059142771674,0.9854279728606343
12,2019,589.4503174,589.1965332,21955,0.02874060533940792,0.24067410826683044,0.6993395686149597,0.002869505900889635,0.011751309037208557,0.015440674498677254,0.001184240449219942,0.232839897274971,0.20368936657905579,0.9215668439865112,0.9271063804626465,0.45365520382600777,0.454748348895468,0.9845593255013227
12,2022,590.5511475,584.291626,18091,0.02957271598279476,0.23652644455432892,0.7011221051216125,0.004643192980438471,0.011276325210928917,0.013376817107200623,0.0034823946189135313,0.2231496274471283,0.21535569429397583,0.9094024896621704,0.9168427586555481,0.4333646564590128,0.42479686031728486,0.9866231828927994
13,2018,601.6216431,597.1030273,21658,0.2043124884366989,0.4383137822151184,0.16538923978805542,0.018376581370830536,0.006879674736410379,0.16137224435806274,0.0053559886291623116,0.14364206790924072,0.04340197518467903,0.668759822845459,0.6316976547241211,0.22550558685012467,0.22315079878105087,0.8386277556419373
13,2019,600.5076294,597.8878784,21772,0.20521770417690277,0.41879478096961975,0.16994304955005646,0.02232224866747856,0.007211097050458193,0.1707697957754135,0.00574131915345788,0.14564578235149384,0.04156715050339699,0.647896409034729,0.6169595718383789,0.21941025169943046,0.2125665993018556,0.8292302042245865
13,2022,602.3536377,594.0551147,20269,0.21466279029846191,0.3762395679950714,0.17899255454540253,0.02866446226835251,0.008041837252676487,0.1814100295305252,0.011988751590251923,0.13562583923339844,0.04326804354786873,0.5988948345184326,0.5859142541885376,0.1845675662341507,0.17104938576150772,0.8185899704694748
14,2018,599.0609741,596.1447144,18831,0.050395622849464417,0.20891083776950836,0.5715044140815735,0.00977112166583538,0.004832457285374403,0.14969995617866516,0.00488556083291769,0.20774255692958832,0.1123679056763649,0.7443045973777771,0.7626688480377197,0.3441665339068557,0.32988157824863257,0.8503000438213348
14,2019,598.8215942,597.6455688,18510,0.053214479237794876,0.20075634121894836,0.569800078868866,0.010318746790289879,0.0049702865071594715,0.1561318188905716,0.004808211699128151,0.2110210657119751,0.10815775394439697,0.7265262007713318,0.7502269744873047,0.34435440302539166,0.32328471096704486,0.8438681811094284
14,2022,599.9424438,593.4874878,16673,0.059737298637628555,0.1994841992855072,0.5416541695594788,0.018053140491247177,0.005997720640152693,0.16733641922473907,0.007737060077488422,0.2120194286108017,0.09962214529514313,0.6949559450149536,0.7254534363746643,0.283332333713189,0.23954897139087147,0.8326635807752609
15,2018,605.741272,604.4995728,33200,0.16138553619384766,0.13981927931308746,0.3615662753582001,0.02759036235511303,0.0041265059262514114,0.3010542094707489,0.004457831382751465,0.19695782661437988,0.15138554573059082,0.579006016254425,0.5870221257209778,0.38358433734939756,0.37150602409638556,0.6989457905292511
15,2019,605.0388184,604.8634644,33220,0.16267308592796326,0.1360626071691513,0.3562311828136444,0.029981939122080803,0.004033714532852173,0.3068934381008148,0.004124021623283625,0.20135460793972015,0.13841059803962708,0.5657435059547424,0.5743480920791626,0.38531005418422637,0.36393738711619505,0.6931065618991852
15,2022,605.8314209,601.5792847,29777,0.1652282029390335,0.12707795202732086,0.35685259103775024,0.041206300258636475,0.0044329515658319,0.2983846664428711,0.00681734224781394,0.20881888270378113,0.13758940994739532,0.5402827858924866,0.5527021288871765,0.3404976995667797,0.29630251536420726,0.7016153335571289
16,2018,595.4691162,591.8963013,6839,0.021640591323375702,0.7410439848899841,0.19301067292690277,0.005117707420140505,0.010089194402098656,0.026027197018265724,0.0030706243123859167,0.26334258913993835,0.048106446862220764,0.8599210381507874,0.8647645711898804,0.3880684310571721,0.38075742067553736,0.9739728029817343
16,2019,594.2764282,593.2200317,6745,0.021645663306117058,0.7306152582168579,0.19540400803089142,0.007857671938836575,0.011267605237662792,0.030837656930088997,0.002372127491980791,0.25396591424942017,0.04610822722315788,0.838398814201355,0.8455366492271423,0.38028169014084506,0.37197924388435877,0.969162343069911
16,2022,596.1651001,588.8635864,5970,0.0224455613642931,0.69112229347229,0.2241206020116806,0.012060301378369331,0.01005025114864111,0.0380234494805336,0.002177554415538907,0.232998326420784,0.05912897735834122,0.8061976432800293,0.8143100142478943,0.3328308207705193,0.3254606365159129,0.9619765505194664
17,2018,598.5892334,595.2045898,22534,0.029555339366197586,0.7491790056228638,0.15647466480731964,0.006168456748127937,0.013490725308656693,0.040694061666727066,0.004437738563865423,0.18416614830493927,0.10983403027057648,0.8269726037979126,0.7788825631141663,0.3762758498269282,0.3707286766663708,0.9593059383332729
17,2019,597.9715576,596.6963501,21984,0.029930857941508293,0.7434042692184448,0.15975254774093628,0.007596433628350496,0.013145924545824528,0.04157569259405136,0.0045942505821585655,0.18613536655902863,0.10357532650232315,0.800582230091095,0.7693116664886475,0.3852802037845706,0.37463609898107714,0.9584243074059486
17,2022,599.9217529,591.4335327,20128,0.0300576314330101,0.7095091342926025,0.17234697937965393,0.011724960058927536,0.01291732955724001,0.05763116106390953,0.005812798161059618,0.18491654098033905,0.0961347371339798,0.7671899795532227,0.7378323674201965,0.320647853736089,0.30941971383147854,0.9423688389360905
18,2018,597.5785522,594.2198486,15707,0.01725345477461815,0.8535048365592957,0.07487107813358307,0.005093270447105169,0.013242503628134727,0.033806584775447845,0.002228305907920003,0.1960272490978241,0.07047813385725021,0.7892659306526184,0.720975935459137,0.41662952823581845,0.4222321258037818,0.9661934152245522
18,2019,597.039917,595.1900635,15006,0.019059043377637863,0.84452885389328,0.078835129737854,0.005197920836508274,0.011928562074899673,0.037651605904102325,0.002798880450427532,0.20051978528499603,0.07437025010585785,0.7745568156242371,0.719660758972168,0.42083166733306676,0.41650006664001066,0.9623483940958977
18,2022,599.4296875,593.1809082,12068,0.02361617423593998,0.8176997303962708,0.09181305766105652,0.008534968830645084,0.008949287235736847,0.04333775117993355,0.006049055140465498,0.19489559531211853,0.07151143252849579,0.7358303070068359,0.6876451373100281,0.3858965860125953,0.37189260855154127,0.9566622488200665
19,2018,593.0063477,590.595459,22742,0.07914870977401733,0.440242737531662,0.44019874930381775,0.0030780055094510317,0.01534605585038662,0.019787177443504333,0.002198575297370553,0.21356961131095886,0.13310174643993378,0.8876967430114746,0.8717235326766968,0.4514114853574884,0.4545774338228828,0.9802128225564957
19,2019,592.1085205,591.5313721,22174,0.0792369470000267,0.4279787242412567,0.4503021538257599,0.003652926767244935,0.014972490258514881,0.021195994690060616,0.002660773927345872,0.2168756127357483,0.1369171142578125,0.8835121989250183,0.867013156414032,0.45458645260214664,0.4603138811220348,0.9788040053099394
19,2022,594.0318604,588.0170898,19959,0.08612655848264694,0.40638309717178345,0.46104514598846436,0.005711709149181843,0.015682147815823555,0.02054211124777794,0.004509244114160538,0.20446915924549103,0.13758204877376556,0.8491407632827759,0.8442041277885437,0.3918031965529335,0.38924795831454484,0.9794578887522221
20,2018,605.9924316,608.9967041,54156,0.4350949227809906,0.028362508863210678,0.2613006830215454,0.005096388049423695,0.0031390797812491655,0.26407045125961304,0.002935962751507759,0.15399955213069916,0.23524633049964905,0.7806891202926636,0.7656492590904236,0.4326575079400251,0.4368860329418716,0.735929548740387
20,2019,605.6812744,609.8657837,53980,0.43649500608444214,0.025713227689266205,0.26504260301589966,0.005872545298188925,0.0032048907596617937,0.26055946946144104,0.0031122637446969748,0.1601889580488205,0.22061875462532043,0.7714523673057556,0.7605425119400024,0.4309559095961467,0.4359392367543535,0.739440530538559
20,2022,608.2940674,605.9553223,50411,0.434548020362854,0.02328856848180294,0.2744440734386444,0.007815754041075706,0.0038483664393424988,0.25181013345718384,0.0042451051995158195,0.16361507773399353,0.2178889513015747,0.7323600053787231,0.7218589782714844,0.41342167384102674,0.3993771200729999,0.7481898665428162
21,2018,605.7483521,606.3648071,37423,0.25425541400909424,0.1440557986497879,0.24770863354206085,0.0054244715720415115,0.0054244715720415115,0.3349544405937195,0.008176789619028568,0.18234775960445404,0.16973519325256348,0.7479357719421387,0.7352752685546875,0.3932875504368971,0.39518477941372954,0.6650455594062805
21,2019,605.1438599,607.5197144,37136,0.2555202543735504,0.13717147707939148,0.24765725433826447,0.0064088753424584866,0.005816458258777857,0.3393741846084595,0.008051486685872078,0.1872037947177887,0.17379362881183624,0.728726863861084,0.7317050099372864,0.4083907798362775,0.4152843601895735,0.6606258153915405
21,2022,606.1033936,602.5447998,36618,0.2555573880672455,0.12182532995939255,0.25583046674728394,0.00958544947206974,0.007537276949733496,0.34155333042144775,0.008110765367746353,0.18105849623680115,0.17909224331378937,0.6938937306404114,0.7081068754196167,0.36659566333497184,0.34873559451635805,0.6584466695785522
22,2018,602.5270386,601.0455933,35692,0.20091336965560913,0.30401769280433655,0.15460047125816345,0.009553961455821991,0.007088423240929842,0.3198195695877075,0.004006499890238047,0.16897344589233398,0.11871007829904556,0.7184243202209473,0.6487942934036255,0.40036983077440325,0.40241510702678474,0.6801804304122925
22,2019,601.5470581,601.8538208,35570,0.20764689147472382,0.28940117359161377,0.1541186422109604,0.01149845402687788,0.00787180196493864,0.3248243033885956,0.004638740327209234,0.1706494241952896,0.11613719165325165,0.7034017443656921,0.6436364650726318,0.40480742198481867,0.4076750070283947,0.6751756966114044
22,2022,602.1716919,597.5333862,32524,0.22650966048240662,0.2557496130466461,0.15210306644439697,0.014512360095977783,0.00937769003212452,0.3342147469520569,0.007532898802310228,0.1741483211517334,0.12184847891330719,0.6647706031799316,0.6146559119224548,0.36173287418521705,0.3529701143770754,0.6657852530479431
23,2018,591.7357178,589.3835449,9539,0.011321941390633583,0.7454659938812256,0.2130202353000641,0.00450780987739563,0.010273613967001438,0.013523430563509464,0.0018869902705773711,0.25673550367355347,0.046860259026288986,0.9103679656982422,0.8930495977401733,0.4835936680993815,0.47227172659607924,0.9864765694364905
23,2019,590.3729248,589.7265015,9290,0.013132400810718536,0.7426264882087708,0.2118406891822815,0.005382131319493055,0.011733046732842922,0.013562970794737339,0.0017222820315510035,0.2547900974750519,0.047793325036764145,0.8982776999473572,0.8845226168632507,0.4736275565123789,0.45694294940796554,0.9864370292052627
23,2022,593.0030518,585.3023071,7863,0.012972148135304451,0.7152486443519592,0.23744118213653564,0.007503497414290905,0.010047055780887604,0.014116749167442322,0.0026707362849265337,0.23044639825820923,0.05366908386349678,0.8859214186668396,0.8817363977432251,0.41968714231209464,0.3992114968841409,0.9858832508325577
24,2018,601.4854126,600.2774658,60732,0.20177172124385834,0.025917144492268562,0.6223572492599487,0.003852993482723832,0.005170256365090609,0.13658368587493896,0.004346967209130526,0.16786867380142212,0.21772706508636475,0.7835407853126526,0.7325752973556519,0.4437034841599157,0.4336099585062241,0.863416314125061
24,2019,600.1210938,600.8061523,59578,0.19846251606941223,0.02541206404566765,0.6279667019844055,0.004212964326143265,0.005455033853650093,0.13370707631111145,0.0047836448065936565,0.17148947715759277,0.21476048231124878,0.761975884437561,0.7249976396560669,0.4464399610594515,0.4288327906274128,0.8662929236888885
24,2022,600.567688,594.7229614,54197,0.19015812873840332,0.022012287750840187,0.6480247974395752,0.006144251674413681,0.005775227211415768,0.1216856986284256,0.006199605297297239,0.16652213037014008,0.2627451717853546,0.738435685634613,0.7082573175430298,0.41035481668727053,0.4132885584072919,0.8783143013715744
25,2018,607.3392944,609.4315796,39585,0.4923582077026367,0.07497789710760117,0.28884679079055786,0.008614374324679375,0.005608184728771448,0.12552735209465027,0.004067196976393461,0.14316028356552124,0.18691423535346985,0.7124415636062622,0.6356512308120728,0.404420866489832,0.3938613111026904,0.8744726479053497
25,2019,606.1833496,609.2550659,39037,0.49327561259269714,0.07044598460197449,0.2933370769023895,0.009273253381252289,0.006250480189919472,0.12221738696098328,0.005200194660574198,0.1460409313440323,0.1802392601966858,0.6901401281356812,0.6303076148033142,0.40784384045905164,0.39155160488767066,0.8777826130390167
25,2022,607.7797852,605.4547119,37197,0.4864908456802368,0.05769282579421997,0.31757938861846924,0.011909562163054943,0.0058606876991689205,0.11242841929197311,0.00803828239440918,0.14579132199287415,0.19759657979011536,0.664892315864563,0.6151483058929443,0.39019275748044197,0.3566147807618894,0.8875715807080269
26,2018,613.2385864,614.5249634,32891,0.5287768840789795,0.11267519742250443,0.17180991172790527,0.012404609471559525,0.008056915365159512,0.1636313945055008,0.0026451004669070244,0.1457541584968567,0.07655590027570724,0.5934754014015198,0.46486252546310425,0.3409139278222006,0.3152230093338603,0.8363686054944992
26,2019,612.6375122,614.6226196,32678,0.529071569442749,0.11469490081071854,0.17286859452724457,0.013923740945756435,0.008048227988183498,0.15796560049057007,0.0034273823257535696,0.14688780903816223,0.08057408779859543,0.5740559101104736,0.46768712997436523,0.3417589815778199,0.3173694840565518,0.8420343995094299
26,2022,613.9614258,611.7007446,30859,0.5440876483917236,0.10509089380502701,0.18228068947792053,0.016559189185500145,0.011082665994763374,0.13477429747581482,0.006124631501734257,0.14462555944919586,0.08947146683931351,0.5653780102729797,0.4756559729576111,0.31770310120224243,0.27959428367737127,0.8652257025241852
27,2018,600.3586426,597.8063965,44879,0.22794625163078308,0.22471535205841064,0.3887118697166443,0.0071525657549500465,0.04262572526931763,0.10448093712329865,0.004367298912256956,0.17785601317882538,0.11141068488359451,0.781011164188385,0.700023353099823,0.47249270260032533,0.43309788542525457,0.8955190628767014
27,2019,599.5980835,598.9314575,45146,0.22593364119529724,0.22032959759235382,0.39350107312202454,0.007841226644814014,0.04418995976448059,0.1042395755648613,0.003964914008975029,0.18125636875629425,0.1068754717707634,0.7537544965744019,0.6881651878356934,0.4638727683515705,0.4333052762149471,0.8957604244351387
27,2022,599.9696045,593.5575562,41502,0.21885691583156586,0.20560455322265625,0.4104621410369873,0.010746469721198082,0.045612260699272156,0.09859766066074371,0.010119994170963764,0.17555780708789825,0.11182593554258347,0.7413136959075928,0.678277850151062,0.4229193773794034,0.3875475880680449,0.9014023393392563
28,2018,603.1176147,601.7891846,42671,0.29300931096076965,0.21325959265232086,0.2733941078186035,0.015350003726780415,0.035597946494817734,0.163389652967453,0.005999390501528978,0.1532188206911087,0.10428628325462341,0.704576849937439,0.6152872443199158,0.35290947013193974,0.324201448290408,0.836610347032547
28,2019,602.4945679,603.1998291,42379,0.29906320571899414,0.19995751976966858,0.2771419882774353,0.017390688881278038,0.03560725972056389,0.1640671044588089,0.006772221997380257,0.15554873645305634,0.10738809406757355,0.6941645741462708,0.6121336817741394,0.3529106397036268,0.322848580664952,0.8359328955411911
28,2022,604.0319214,599.3244629,39396,0.305970162153244,0.1796121448278427,0.2923900783061981,0.021525027230381966,0.03761803358793259,0.15511727333068848,0.007767286151647568,0.14790841937065125,0.10602599382400513,0.6377550959587097,0.5937106013298035,0.3183318103360747,0.2769570514773073,0.8448827266693115
29,2018,598.5322876,593.9630127,27663,0.160720095038414,0.6155152916908264,0.15782815217971802,0.00842280313372612,0.03564327955245972,0.01836387999355793,0.0035064888652414083,0.16165998578071594,0.08314354717731476,0.7539312243461609,0.6335886716842651,0.4884141271734808,0.45562664931496943,0.9816361200064421
29,2019,597.3485107,594.9156494,26894,0.1640142798423767,0.6072729825973511,0.1621551215648651,0.008626459166407585,0.03766639530658722,0.017847847193479538,0.0024168959353119135,0.1668030023574829,0.08626459538936615,0.7322079539299011,0.6278095245361328,0.49899605860043134,0.47824793634267865,0.9821521528065205
29,2022,599.0869751,591.7723999,24266,0.17716145515441895,0.5615264177322388,0.18593917787075043,0.011332728900015354,0.03886095806956291,0.017637846991419792,0.007541415747255087,0.15911151468753815,0.09746146947145462,0.6975603699684143,0.6227589249610901,0.43962746229292016,0.3894749855765268,0.9823621530085802
30,2018,605.2368774,603.7543945,41144,0.21531693637371063,0.06499125063419342,0.5319852232933044,0.012079525738954544,0.007607427425682545,0.1648843139410019,0.0031353295780718327,0.14765214920043945,0.1712035834789276,0.7297054529190063,0.7025837302207947,0.4383385183744896,0.4364913474625705,0.8351156860589981
30,2019,604.1243896,604.6690674,40730,0.21529585123062134,0.06437515467405319,0.5277191400527954,0.014289221726357937,0.007561993785202503,0.16746869683265686,0.003289958229288459,0.150945246219635,0.1611834019422531,0.7044684290885925,0.6901205778121948,0.43898846059415664,0.4381291431377363,0.8325313031673431
30,2022,605.854187,599.5611572,37664,0.20167799293994904,0.061437979340553284,0.5259929895401001,0.02015186846256256,0.0069296942092478275,0.17812766134738922,0.005681818351149559,0.14738211035728455,0.18481838703155518,0.664082407951355,0.6532549262046814,0.4016302039082413,0.38423959218351744,0.8218723386526108
31,2018,603.9186401,600.8856812,62537,0.09965300559997559,0.1275245100259781,0.2841677665710449,0.01421558391302824,0.004765179008245468,0.46633192896842957,0.0033420214895159006,0.2412971556186676,0.06137166917324066,0.5781537294387817,0.5187513828277588,0.4160576938452436,0.409197754929082,0.5336680710315704
31,2019,602.9473877,601.7493286,62265,0.1108006089925766,0.12422709167003632,0.2871597111225128,0.015353729948401451,0.004689632914960384,0.4525817036628723,0.0051875049248337746,0.245049387216568,0.06294065713882446,0.5781257748603821,0.5220618844032288,0.4185015658877379,0.40835140126877056,0.5474182963371277
31,2022,604.1083374,598.4067383,61838,0.1481451541185379,0.11777547746896744,0.2911316752433777,0.018532294780015945,0.004689672961831093,0.4151492714881897,0.004576473962515593,0.23495261371135712,0.07435557246208191,0.5775575041770935,0.534561812877655,0.37963711633623337,0.35327791972573497,0.5848507285118103
32,2018,595.7189941,593.8469238,11537,0.021496055647730827,0.16884805262088776,0.7800987958908081,0.0012134870048612356,0.004420559853315353,0.022016122937202454,0.0019069082336500287,0.208459734916687,0.1942446082830429,0.90370112657547,0.8846509456634521,0.47499349917656236,0.466672445176389,0.9779838770627975
32,2019,594.4193726,594.0498657,11029,0.02203282341361046,0.16656088829040527,0.7797624468803406,0.0017227309290319681,0.004624172579497099,0.02348354272544384,0.0018134010024368763,0.21243992447853088,0.18478555977344513,0.8901985883712769,0.8723880052566528,0.47674313174358507,0.4839060658264575,0.9765164572745562
32,2022,594.9455566,586.8113403,11181,0.01967623643577099,0.15114927291870117,0.7881227135658264,0.0037563724908977747,0.005008496344089508,0.02772560529410839,0.004561309237033129,0.18102137744426727,0.2427332103252411,0.8130757808685303,0.8259465098381042,0.3598068151328146,0.34934263482693856,0.9722743947058916
